r/R,c/R,chord,
0,0.166666667,0.1905,1.143
1,0.166666667,0.1905,
